FIPS,State Name,State,Year,Overall Food Insecurity Rate,# of Food Insecure Persons Overall,State Population,Low Threshold in state,High Threshold in state,% FI ? Low Threshold,% FI Btwn Thresholds,% FI > High Threshold,% FI > Low Threshold,Food Insecure 60+ Rate,Food Insecure 60+ Count,60+ Count,Food Insecure 50 - 59 Rate,Food Insecure 50 - 59 Count,50 - 59 Count,Food Insecure 50+ Rate,Food Insecure 50+ Count,50+ Count,Food Insecure <18 Rate,Food Insecure <18 Count,<18 Count,Food Insecure Sum Non-Adult,Non-Adult Count,Food Insecure Non-Adult Rate,Food Insecure 18 - 50 Rate,Food Insecure 18 - 50 Count,18 - 50 Count,% food insecure Children in HH w/HH Incomes Below 185 FPL,% food insecure Children in HH w/HH Incomes Above 185 FPL
1,Alabama,AL,2021,14.8%,746550,5049846,130%,185%,40.4594467885607%,,,59.5405532114393%,8.9%,103567,1163674.15730337,14.4%,100289,696451.388888889,10.9592602723671%,203856,1860125.54619226,18.3%,204830,1119289.61748634,408686,2979415.1636786,13.7169873128862%,16.3185359333371%,337864,2070430.8363214,77%,23%
2,Alaska,AK,2021,10.7%,78260,734182,130%,185%,39.7009966777409%,,,60.2990033222591%,8.4%,12149,144630.952380952,8%,6184,77300,8.26067738786196%,18333,221930.952380952,12.8%,22960,179375,41293,401305.952380952,10.2896554997523%,11.1053349330517%,36967,332876.047619048,73%,27%
4,Arizona,AZ,2021,10.3%,751690,7264877,185%,185%,48.6463834825526%,,,51.3536165174474%,7.4%,129412,1748810.81081081,8.5%,79721,937894.117647059,7.7839958450532%,209133,2686704.92845787,14%,226080,1614857.14285714,435213,4301562.07131501,10.1175571288909%,10.679830109736%,316477,2963314.92868499,68%,32%
5,Arkansas,AR,2021,15.5%,467550,3028122,130%,185%,40.7806651695006%,,,59.2193348304994%,7.6%,55600,731578.947368421,19.8%,75302,380313.131313131,11.7729051685681%,130902,1111892.07868155,19.1%,134690,705183.246073298,265592,1817075.32475485,14.6164551563558%,16.6763184382731%,201958,1211046.67524515,73%,27%
6,California,CA,2021,10.5%,4104060,39142991,200%,200%,57.821523077148%,,,42.178476922852%,7.4%,620899,8390527.02702703,10.4%,485709,4670278.84615385,8.47273905412156%,1106608,13060805.8731809,13.5%,1182720,8760888.88888889,2289328,21821694.7620698,10.491064167845%,10.4768833410175%,1814732,17321296.2379302,66%,34%
8,Colorado,CO,2021,9.2%,533650,5811297,200%,200%,51.6761922608451%,,,48.3238077391549%,7.4%,102243,1381662.16216216,8.2%,55579,677792.682926829,7.66329013604474%,157822,2059454.84508899,10.5%,129900,1237142.85714286,287722,3296597.70223185,8.72784688908834%,9.77961858971633%,245928,2514699.29776815,71%,29%
9,Connecticut,CT,2021,10.5%,380310,3623355,200%,200%,52.1705976703216%,,,47.8294023296784%,5.5%,48430,880545.454545455,8.8%,46336,526545.454545455,6.73488822845328%,94766,1407090.90909091,11.5%,83530,726347.826086957,178296,2133438.73517787,8.35721209426412%,13.558748553169%,202014,1489916.26482213,67%,33%
10,Delaware,DE,2021,9.9%,99530,1004807,200%,200%,51.5020596804984%,,,48.4979403195017%,6%,17724,295400,14.9%,18079,121335.570469799,8.59129926433642%,35803,416735.570469799,14.4%,30040,208611.111111111,65843,625346.68158091,10.5290396414266%,8.87760810941892%,33687,379460.31841909,72%,28%
11,District of Columbia,DC,2021,10.3%,68900,668791,200%,200%,61.4078374455733%,,,38.5921625544267%,11.2%,14263,127348.214285714,10.3%,6481,62922.3300970874,10.9023706571552%,20744,190270.544382801,14.2%,17890,125985.915492958,38634,316256.459875759,12.2160350543281%,8.58525805424161%,30266,352534.540124241,69%,31%
12,Florida,FL,2021,10.6%,2314370,21828069,200%,200%,56.6357151190173%,,,43.3642848809827%,8.5%,527979,6211517.64705882,6.7%,190435,2842313.43283582,7.93491720422467%,718414,9053831.07989464,14.3%,613180,4287972.02797203,1331594,13341803.1078667,9.98061498310418%,11.5807825549165%,982776,8486265.8921333,69%,31%
13,Georgia,GA,2021,10.7%,1156660,10788029,130%,185%,37.0679369909913%,,,62.9320630090087%,8%,171536,2144200,8.5%,127441,1499305.88235294,8.20575044075196%,298977,3643505.88235294,13.3%,335720,2524210.52631579,634697,6167716.40866873,10.2906320256219%,11.2971360634629%,521963,4620312.59133127,71%,29%
15,Hawaii,HI,2021,11.9%,170970,1447154,200%,200%,45.0312920395391%,,,54.9687079604609%,3.7%,13482,364378.378378378,7.9%,13218,167316.455696203,5.02167752795108%,26700,531694.834074581,17.8%,54180,304382.02247191,80880,836076.856546491,9.67375180483812%,14.7428194566165%,90090,611077.143453509,51%,49%
16,Idaho,ID,2021,8.2%,156640,1904314,130%,185%,36.4849336057201%,,,63.5150663942799%,5.4%,22517,416981.481481481,9.1%,20145,221373.626373626,6.68311406535864%,42662,638355.107855107,8.6%,40410,469883.720930233,83072,1108238.82878534,7.49585719632736%,9.24133833840706%,73568,796075.17121466,82%,18%
17,Illinois,IL,2021,9.5%,1201290,12686469,165%,185%,46.0529930324901%,,,53.9470069675099%,7.6%,222201,2923697.36842105,8.7%,131646,1513172.4137931,7.97514953939933%,353847,4436869.78221415,11.3%,315330,2790530.97345133,669177,7227400.75566548,9.25888881248821%,9.74732273318313%,532113,5459068.24433452,73%,27%
18,Indiana,IN,2021,10.7%,730480,6813532,130%,185%,38.9552075347717%,,,61.0447924652283%,6.4%,93236,1456812.5,10.1%,87469,866029.702970297,7.7794780794376%,180705,2322842.2029703,12.9%,204290,1583643.41085271,384995,3906485.61382301,9.85527755785671%,11.8843992872897%,345485,2907046.38617699,77%,23%
19,Iowa,IA,2021,7.5%,238290,3197689,160%,185%,46.120273616182%,,,53.879726383818%,4.3%,30449,708116.279069767,7%,28565,408071.428571429,5.28710355758282%,59014,1116187.7076412,9.4%,68990,733936.170212766,128004,1850123.87785396,6.91867185393431%,8.18409427400184%,110286,1347565.12214604,72%,28%
20,Kansas,KS,2021,9.9%,291430,2937922,130%,185%,34.1419895000515%,,,65.8580104999485%,4.6%,31203,678326.086956522,7.9%,25197,318949.367088608,5.65540842013421%,56400,997275.45404513,13.4%,93960,701194.029850746,150360,1698469.48389588,8.85267597832319%,11.381638115788%,141070,1239452.51610412,65%,35%
21,Kentucky,KY,2021,12.9%,579770,4506589,200%,200%,64.4548700346689%,,,35.5451299653311%,6.9%,76479,1108391.30434783,14.6%,77726,532369.863013699,9.3983818649227%,154205,1640761.16736153,15.2%,154290,1015065.78947368,308495,2655826.95683521,11.6157793792264%,14.6574758760517%,271275,1850762.04316479,73%,27%
22,Louisiana,LA,2021,14.8%,683110,4627098,130%,185%,46.5283775673025%,,,53.4716224326975%,13.4%,147812,1103074.62686567,8.4%,43569,518678.571428571,11.8008708230879%,191381,1621753.19829424,21.6%,234120,1083888.88888889,425501,2705642.08718313,15.7264333673562%,13.406969073901%,257609,1921455.91281687,73%,27%
23,Maine,ME,2021,10.5%,144290,1377238,185%,185%,44.271952318248%,,,55.728047681752%,4.3%,19080,443720.930232558,5.3%,8215,155000,4.55888522043115%,27295,598720.930232558,14.6%,36490,249931.506849315,63785,848652.437081873,7.51603332682663%,15.2302684083087%,80505,528585.562918127,58%,42%
24,Maryland,MD,2021,9.7%,600970,6174610,200%,200%,52.3353911176931%,,,47.6646088823069%,7.2%,100554,1396583.33333333,9.8%,77094,786673.469387755,8.1368348321915%,177648,2183256.80272109,12.1%,164160,1356694.21487603,341808,3539951.01759712,9.6557268250569%,9.83664306200407%,259162,2634658.98240288,66%,34%
25,Massachusetts,MA,2021,8.1%,564030,6989690,200%,200%,57.9419534421928%,,,42.0580465578072%,6.4%,110664,1729125,9%,80204,891155.555555556,7.28425815301795%,190868,2620280.55555556,8.4%,113960,1356666.66666667,304828,3976947.22222222,7.6648741601773%,8.60352240861363%,259202,3012742.77777778,78%,22%
26,Michigan,MI,2021,11.7%,1177820,10037504,200%,200%,58.2389499244367%,,,41.7610500755633%,6%,152554,2542566.66666667,8.7%,108312,1244965.51724138,6.88749262932555%,260866,3787532.18390805,13.1%,282320,2155114.50381679,543186,5942646.68772484,9.14047273114869%,15.4983178070102%,634634,4094857.31227516,78%,22%
27,Minnesota,MN,2021,6.8%,390000,5711471,200%,200%,59.4615384615385%,,,40.5384615384615%,3.8%,47362,1246368.42105263,5.3%,41669,786207.547169811,4.38020528589939%,89031,2032575.96822244,9.2%,120650,1311413.04347826,209681,3343989.0117007,6.2703854368636%,7.61648877969009%,180319,2367481.9882993,86%,14%
28,Mississippi,MS,2021,16.3%,480600,2949586,130%,185%,41.6292134831461%,,,58.3707865168539%,12.6%,83993,666611.111111111,13.2%,51561,390613.636363636,12.8216824590778%,135554,1057224.74747475,18.8%,130240,692765.957446809,265794,1749990.70492156,15.1883092437291%,17.906539053736%,214806,1199595.29507844,73%,27%
29,Missouri,MO,2021,11.6%,715170,6169823,130%,185%,36.1438539088608%,,,63.8561460911392%,7.9%,110253,1395607.59493671,12.6%,110406,876238.095238095,9.71276354526619%,220659,2271845.69017481,12.8%,177320,1385312.5,397979,3657158.1901748,10.882192656287%,12.6236893500358%,317191,2512664.8098252,72%,28%
30,Montana,MT,2021,8.5%,93720,1106227,200%,200%,56.4020486555698%,,,43.5979513444302%,4.3%,12825,298255.813953488,8.7%,9971,114609.195402299,5.52141728735252%,22796,412865.009355787,12.1%,28410,234793.388429752,51206,647658.397785539,7.90632842484287%,9.27102287306563%,42514,458568.602214461,66%,34%
31,Nebraska,NE,2021,10%,195670,1963554,165%,185%,43.9413297899525%,,,56.0586702100475%,4.7%,20236,430553.191489362,13.1%,31341,239244.27480916,7.70038744473433%,51577,669797.466298522,12%,58070,483916.666666667,109647,1153714.13296519,9.5038274098449%,10.6222234174478%,86023,809839.86703481,68%,32%
32,Nevada,NV,2021,13%,409540,3146402,200%,200%,56.7636860868291%,,,43.2363139131709%,4.6%,35255,766413.043478261,11.3%,43662,386389.380530973,6.84566568879527%,78917,1152802.42400923,18.5%,129350,699189.189189189,208267,1851991.61319842,11.2455692842107%,15.549396238803%,201273,1294410.38680158,65%,35%
33,New Hampshire,NH,2021,6.8%,93940,1387505,185%,185%,37.7581434958484%,,,62.2418565041516%,2.9%,11279,388931.034482759,4%,7809,195225,3.26762010032156%,19088,584156.034482759,8.5%,21670,254941.176470588,40758,839097.210953347,4.85736330283978%,9.69752820113133%,53182,548407.789046653,63%,37%
34,New Jersey,NJ,2021,8.8%,812440,9267961,185%,185%,49.1827088769632%,,,50.8172911230368%,6.4%,134666,2104156.25,10.5%,129873,1236885.71428571,7.91785924354759%,264539,3341041.96428571,9.8%,197280,2013061.2244898,461819,5354103.18877551,8.62551549189732%,8.95845012546086%,350621,3913857.81122449,80%,19%
35,New Mexico,NM,2021,13.5%,285220,2116677,165%,185%,56.6755486992497%,,,43.3244513007503%,5.9%,29383,498016.949152542,13%,32486,249892.307692308,8.27226022860076%,61869,747909.25684485,19.2%,90490,471302.083333333,152359,1219211.34017818,12.4965209048772%,14.8040204709758%,132861,897465.65982182,66%,34%
36,New York,NY,2021,11.4%,2265160,19857492,200%,200%,60.5030108248424%,,,39.4969891751576%,6.6%,311500,4719696.96969697,10.8%,256455,2374583.33333333,8.00581561116777%,567955,7094280.3030303,15.4%,633790,4115519.48051948,1201745,11209799.7835498,10.7204858534899%,12.2970958422538%,1063415,8647692.2164502,77%,23%
37,North Carolina,NC,2021,11.8%,1248880,10565885,200%,200%,58.7013964512203%,,,41.2986035487797%,7.2%,193675,2689930.55555556,10.6%,141474,1334660.37735849,8.32752956975261%,335149,4024590.93291405,15.4%,353450,2295129.87012987,688599,6319720.80304392,10.89603514871%,13.1949913854402%,560281,4246164.19695608,75%,25%
38,North Dakota,ND,2021,5.5%,42290,777934,200%,200%,61.5039016315914%,,,38.4960983684086%,2.8%,4876,174142.857142857,6.2%,4906,79129.0322580645,3.86225254730713%,9782,253271.889400922,7.5%,13690,182533.333333333,23472,435805.222734255,5.38589231508883%,5.5002681009155%,18818,342128.777265745,78%,22%
39,Ohio,OH,2021,11.8%,1391290,11764342,130%,185%,39.4439692659331%,,,60.556030734067%,4.9%,148693,3034551.02040816,11.6%,166353,1434077.5862069,7.05017193717166%,315046,4468628.60661506,14.8%,386430,2611013.51351351,701476,7079642.12012857,9.90835395486432%,14.7248280079562%,689814,4684699.87987143,75%,25%
40,Oklahoma,OK,2021,14.1%,561640,3991225,130%,185%,37.8124777437504%,,,62.1875222562496%,9.4%,81019,861904.255319149,14.7%,68004,462612.244897959,11.2511244650839%,149023,1324516.50021711,19.1%,182930,957748.691099476,331953,2282265.19131658,14.5448916831836%,13.4401639425886%,229687,1708959.80868342,65%,35%
41,Oregon,OR,2021,10.5%,447260,4256301,200%,200%,58.4447524929571%,,,41.5552475070429%,6.9%,71836,1041101.44927536,6.3%,30905,490555.555555556,6.70783339063184%,102741,1531657.00483092,12.4%,106470,858629.032258065,209211,2390286.03708898,8.75255081416065%,12.757078840817%,238049,1866014.96291102,74%,26%
42,Pennsylvania,PA,2021,9.4%,1219130,13012059,200%,200%,54.2157112038913%,,,45.7842887961087%,4.7%,158297,3368021.27659575,6.4%,101570,1587031.25,5.24448527246058%,259867,4955052.52659575,12.2%,325170,2665327.86885246,585037,7620380.3954482,7.67726766434722%,11.7605860161005%,634093,5391678.6045518,77%,23%
44,Rhode Island,RI,2021,9.3%,102130,1096985,185%,185%,48.4284735141486%,,,51.5715264858514%,5.2%,13713,263711.538461539,8.6%,12267,142639.534883721,6.39348624973998%,25980,406351.07334526,12.9%,26860,208217.054263566,52840,614568.127608825,8.59790764053954%,10.2173043317673%,49290,482416.872391175,76%,24%
45,South Carolina,SC,2021,9.9%,515350,5193266,130%,185%,43.3414184534782%,,,56.6585815465218%,10.4%,142043,1365798.07692308,12%,79323,661025,10.9218215699446%,221366,2026823.07692308,12.6%,141110,1119920.63492064,362476,3146743.71184371,11.5190823655486%,7.46994063464239%,152874,2046522.28815629,68%,32%
46,South Dakota,SD,2021,8.1%,72900,896164,130%,185%,38.6968449931413%,,,61.3031550068587%,3.4%,6703,197147.058823529,10.6%,11995,113160.377358491,6.02563710043743%,18698,310307.43618202,11.2%,24750,220982.142857143,43448,531289.579039163,8.1778377958355%,8.07181822240183%,29452,364874.420960837,67%,33%
47,Tennessee,TN,2021,11.5%,800970,6968351,130%,185%,39.0676304980212%,,,60.9323695019788%,6.9%,109485,1586739.13043478,11.1%,100995,909864.864864865,8.43065221381806%,210480,2496603.99529965,12.8%,197490,1542890.625,407970,4039494.62029965,10.0995307172791%,13.4182065984474%,393000,2928856.37970035,78%,22%
48,Texas,TX,2021,13.7%,4057910,29558864,165%,185%,47.6161373712083%,,,52.3838626287917%,8.5%,454896,5351717.64705882,14%,491124,3508028.57142857,10.6777324843229%,946020,8859746.21848739,18.1%,1348600,7450828.72928177,2294620,16310574.9477692,14.0682962271287%,13.3095676962384%,1763290,13248289.0522308,65%,35%
49,Utah,UT,2021,9.5%,316980,3339113,130%,185%,27.6925989021389%,,,72.3074010978611%,5.4%,27304,505629.62962963,7.4%,23598,318891.891891892,6.17351987441984%,50902,824521.521521522,9.8%,93050,949489.795918367,143952,1774011.31743989,8.11449163738933%,11.0553839362673%,173028,1565101.68256011,55%,45%
50,Vermont,VT,2021,8.9%,57150,646972,185%,185%,45.1093613298338%,,,54.8906386701662%,4.3%,8025,186627.906976744,12.7%,9877,77771.6535433071,6.77081306972989%,17902,264399.560520051,10.3%,12040,116893.203883495,29942,381292.764403546,7.85275850876375%,10.240920762557%,27208,265679.235596454,56%,44%
51,Virginia,VA,2021,8.1%,704270,8657365,200%,200%,56.5081573828219%,,,43.4918426171781%,5.2%,105295,2024903.84615385,7.1%,73127,1029957.74647887,5.84059194139246%,178422,3054861.59263272,8.8%,164680,1871363.63636364,343102,4926225.22899636,6.96480538446477%,9.67983035121864%,361168,3731139.77100364,72%,28%
53,Washington,WA,2021,8.9%,688170,7740745,200%,200%,53.5434558321345%,,,46.4565441678655%,3.7%,65137,1760459.45945946,6.9%,59549,863028.985507246,4.75267959495748%,124686,2623488.44496671,11.8%,197550,1674152.54237288,322236,4297640.98733959,7.49797391055406%,10.6280262999447%,365934,3443104.01266041,62%,38%
54,West Virginia,WV,2021,11.7%,208720,1785526,200%,200%,61.5944806439249%,,,38.4055193560751%,10.2%,53687,526343.137254902,14.1%,28594,202794.326241135,11.284703381648%,82281,729137.463496037,14%,50680,362000,132961,1091137.46349604,12.1855407268291%,10.9101743501447%,75759,694388.53650396,78%,22%
55,Wisconsin,WI,2021,7.2%,427380,5880101,200%,200%,57.054611820862%,,,42.945388179138%,6%,83458,1390966.66666667,6.6%,54374,823848.484848485,6.22318300042822%,137832,2214815.15151516,11.1%,142050,1279729.72972973,279882,3494544.88124488,8.00911161571049%,6.18296081321996%,147498,2385556.11875512,78%,22%
56,Wyoming,WY,2021,10.6%,61200,579483,130%,185%,35.4084967320261%,,,64.5915032679739%,7.3%,10890,149178.082191781,7.6%,4923,64776.3157894737,7.39082727403688%,15813,213954.397981255,12.2%,16100,131967.213114754,31913,345921.611096009,9.22550051119608%,12.5393157394003%,29287,233561.388903991,65%,35%
1,Alabama,AL,2020,14.5%,711370,5031362,130%,185%,52.5296259330587%,16.4105880202989%,31.0724376906533%,47.4703740669413%,9%,104269,1158544.44444444,14.2%,97677,687866.197183099,10.9372203261346%,201946,1846410.64162754,19.8%,216040,1091111.11111111,417986,2937521.75273865,14.2292052683631%,14.0117661977189%,293384,2093840.24726135,82%,18%
2,Alaska,AK,2020,10.8%,79670,732923,130%,185%,50.2949667377934%,16.8068281661855%,32.7977908874106%,49.7050332622066%,5.9%,7863,133271.186440678,11.7%,10052,85914.5299145299,8.17343406217553%,17915,219185.716355208,14.7%,26910,183061.224489796,44825,402246.940845004,11.1436521818751%,10.5375031047129%,34845,330676.059154996,77%,23%
4,Arizona,AZ,2020,11.1%,798790,7179943,185%,185%,67.1803602949461%,,32.8208915985428%,32.8196397050539%,6.9%,118018,1710405.79710145,10%,85230,852300,7.93099232186089%,203248,2562705.79710145,16.4%,269610,1643963.41463415,472858,4206669.2117356,11.2406746572999%,10.9620580952371%,325932,2973273.7882644,76%,24%
5,Arkansas,AR,2020,14.7%,444130,3014195,130%,185%,52.8899196181298%,17.4611037308896%,29.624209127958%,47.1100803818702%,6.3%,45417,720904.761904762,16.9%,61190,362071.00591716,9.84389523455432%,106607,1082975.76782192,19.7%,138410,702588.83248731,245017,1785564.60030923,13.7221022391218%,16.2060942045805%,199113,1228630.39969077,77%,23%
6,California,CA,2020,9.1%,3571920,39501653,200%,200%,76.8707025913234%,,23.1306972160631%,23.1292974086766%,6.5%,541877,8336569.23076923,10%,475378,4753780,7.77103026104847%,1017255,13090349.2307692,13%,1165400,8964615.38461538,2182655,22054964.6153846,9.89643392344176%,7.96291519269103%,1389265,17446688.3846154,79%,21%
8,Colorado,CO,2020,8.3%,474420,5784865,200%,200%,71.5821424054635%,,28.4178575945365%,28.4178575945365%,7.5%,90387,1205160,4.4%,32365,735568.181818182,6.32504856424557%,122752,1940728.18181818,11.2%,141570,1264017.85714286,264322,3204746.03896104,8.24782983695306%,8.14295787026029%,210098,2580118.96103896,82%,18%
9,Connecticut,CT,2020,10.2%,364040,3597362,185%,185%,59.9906603669926%,,40.0093396330074%,40.0093396330074%,6.6%,59899,907560.606060606,9.7%,51168,527505.154639175,7.7395059544756%,111067,1435065.76069978,12.6%,92430,733571.428571429,203497,2168637.18927121,9.38363507767692%,11.2368035323827%,160543,1428724.81072879,75%,25%
10,Delaware,DE,2020,9.7%,93900,992114,200%,200%,63.0990415335463%,,36.9009584664537%,36.9009584664537%,5.4%,13976,258814.814814815,11.7%,15391,131547.008547009,7.52302050110569%,29367,390361.823361824,15.1%,30920,204768.21192053,60287,595130.035282353,10.1300550175387%,8.4670926252417%,33613,396983.964717647,75%,25%
11,District of Columbia,DC,2020,9.4%,65750,670868,200%,200%,77.0950570342205%,,22.9049429657795%,22.9049429657795%,13.1%,15518,118458.015267176,9.1%,6161,67703.2967032967,11.6452767605326%,21679,186161.311970473,15.4%,19430,126168.831168831,41109,312330.143139303,13.162034117746%,6.87263549120108%,24641,358537.856860697,81%,19%
12,Florida,FL,2020,10.6%,2252050,21589602,200%,200%,73.152461091006%,,26.8484269887436%,26.847538908994%,7.8%,461273,5913756.41025641,8%,234865,2935812.5,7.86634927711784%,696138,8849568.91025641,15.7%,660500,4207006.36942675,1356638,13056575.2796832,10.3904582246082%,10.4934864186943%,895412,8533026.7203168,75%,25%
13,Georgia,GA,2020,10.9%,1141880,10729828,130%,185%,49.4526570217536%,16.0656110974884%,34.4896136196448%,50.5473429782464%,9%,196729,2185877.77777778,10.9%,143818,1319431.19266055,9.71517783088363%,340547,3505308.97043833,14.4%,360210,2501458.33333333,700757,6006767.30377166,11.666125297712%,9.33976987321515%,441123,4723060.69622834,79%,21%
15,Hawaii,HI,2020,9.6%,136190,1451043,200%,200%,55.5400543358543%,,44.4599456641457%,44.4599456641457%,3.6%,12650,351388.888888889,6.3%,10848,172190.476190476,4.48795379788089%,23498,523579.365079365,16.6%,50180,302289.156626506,73678,825868.521705871,8.92127476269643%,9.99912859056119%,62512,625174.478294129,55%,44%
16,Idaho,ID,2020,8.7%,152890,1849202,130%,185%,51.7038393616325%,21.7476617175747%,26.5484989207927%,48.2961606383675%,4.6%,18403,400065.217391304,9.3%,18791,202053.76344086,6.17718444095479%,37194,602118.980832164,10.5%,46800,445714.285714286,83994,1047833.26654645,8.01596997171463%,8.59729075067457%,68896,801368.73345355,85%,15%
17,Illinois,IL,2020,8.3%,1052040,12786580,165%,185%,64.5108551005665%,12.1012509030075%,23.3993004068286%,35.4891448994335%,7.1%,208914,2942450.70422535,10.3%,157902,1533029.12621359,8.19612675953059%,366816,4475479.83043894,11.3%,323740,2864955.75221239,690556,7340435.58265133,9.40756161163087%,6.63742957033042%,361484,5446144.41734867,79%,21%
18,Indiana,IN,2020,10.8%,726020,6788799,130%,185%,53.7271700504118%,17.7570865816369%,28.5446681909589%,46.2728299495882%,6.6%,94495,1431742.42424242,10.4%,91586,880634.615384615,8.04717383070076%,186081,2312377.03962704,14.4%,225750,1567708.33333333,411831,3880085.37296037,10.6139674881892%,10.801647748313%,314189,2908713.62703963,83%,17%
19,Iowa,IA,2020,7.3%,229500,3190571,160%,185%,61.516339869281%,5.39869281045752%,33.1111111111111%,38.483660130719%,6.2%,48113,776016.129032258,8.2%,28417,346548.780487805,6.8174231486284%,76530,1122564.90952006,11%,80160,728727.272727273,156690,1851292.18224734,8.46381794848772%,5.43650799481596%,72810,1339278.81775266,75%,25%
20,Kansas,KS,2020,9.7%,281520,2937919,130%,185%,45.6415174765558%,18.5315430520034%,35.8304916169366%,54.3584825234442%,6.5%,42373,651892.307692308,11.1%,36002,324342.342342342,8.02829524614991%,78375,976234.65003465,14.6%,102760,703835.616438356,181135,1680070.26647301,10.781394303243%,7.98068935670205%,100385,1257848.73352699,71%,29%
21,Kentucky,KY,2020,12.9%,575300,4507445,200%,200%,74.6706066400139%,,25.3346080305927%,25.3293933599861%,10.8%,109403,1012990.74074074,15.5%,92741,598329.032258065,12.5452441773114%,202144,1611319.77299881,16.1%,162100,1006832.29813665,364244,2618152.07113545,13.9122552893588%,11.1711633900437%,211056,1889292.92886455,79%,21%
22,Louisiana,LA,2020,13.7%,640540,4651664,130%,185%,58.3289099822025%,9.18756049583164%,32.4554282324289%,41.6710900177975%,12%,127073,1058941.66666667,11.1%,60219,542513.513513514,11.695113439199%,187292,1601455.18018018,21.5%,236010,1097720.93023256,423302,2699176.11041274,15.6826373191067%,11.1262149772372%,217238,1952487.88958726,77%,23%
23,Maine,ME,2020,10.4%,139410,1363557,185%,185%,63.6611433900007%,,36.3388566099993%,36.3388566099993%,5.2%,21203,407750,4.2%,7460,177619.047619048,4.89656911594232%,28663,585369.047619048,15.9%,39990,251509.433962264,68653,836878.481581312,8.20346101745593%,13.4345710951801%,70757,526678.518418688,68%,32%
24,Maryland,MD,2020,9%,543650,6173205,200%,200%,64.0835096109629%,,35.9164903890371%,35.9164903890371%,5.7%,77438,1358561.40350877,6.5%,50574,778061.538461538,5.99132385436021%,128012,2136622.94197031,12.5%,167020,1336160,295032,3472782.94197031,8.49554967672731%,9.20663491326238%,248618,2700422.05802969,68%,32%
25,Massachusetts,MA,2020,7.2%,497250,6995729,200%,200%,72.824534942182%,,27.1835093011564%,27.175465057818%,5.3%,86887,1639377.35849057,7.6%,71699,943407.894736842,6.14011559040123%,158586,2582785.25322741,8.8%,119330,1356022.72727273,277916,3938807.98050014,7.05584027898489%,7.17499727997176%,219334,3056921.01949986,84%,16%
26,Michigan,MI,2020,11.5%,1150150,10069577,200%,200%,73.1861061600661%,,26.8156327435552%,26.8138938399339%,5.3%,131881,2488320.75471698,10.5%,139127,1325019.04761905,7.10684109068859%,271008,3813339.80233603,13.7%,297150,2168978.10218978,568158,5982317.90452581,9.49728866080773%,14.2391756041216%,581992,4087259.09547419,83%,17%
27,Minnesota,MN,2020,6%,338000,5709852,165%,185%,68.7692307692308%,8.55029585798817%,22.6745562130178%,31.2307692307692%,3.8%,45519,1197868.42105263,5.8%,47228,814275.862068965,4.60936130564724%,92747,2012144.2831216,9.3%,121140,1302580.64516129,213887,3314724.92828289,6.45263195672767%,5.1818962536723%,124113,2395127.07171711,91%,9%
28,Mississippi,MS,2020,16.2%,483700,2958141,130%,185%,54.616497829233%,13.1899937978086%,32.1418234442836%,45.383502170767%,12.2%,81318,666540.983606557,11.8%,43617,369635.593220339,12.0573078753228%,124935,1036176.5768269,20.4%,144320,707450.980392157,269255,1743627.55721905,15.4422312772712%,17.6568650824458%,214445,1214513.44278095,80%,20%
29,Missouri,MO,2020,11.4%,695830,6153998,130%,185%,49.4186798499634%,14.0407858241237%,36.5434085911789%,50.5813201500367%,7.3%,95785,1312123.28767123,13.4%,118175,881902.985074627,9.75193427069702%,213960,2194026.27274586,14.1%,194070,1376382.9787234,408030,3570409.25146926,11.4281016898018%,11.1395437901512%,287800,2583588.74853074,77%,23%
30,Montana,MT,2020,8.5%,90220,1087075,200%,200%,72.6003103524717%,,27.3996896475283%,27.3996896475283%,3.6%,10195,283194.444444444,8.5%,10547,124082.352941176,5.0928508898976%,20742,407276.79738562,13.6%,31010,228014.705882353,51752,635291.503267974,8.14618167152951%,8.51469792018923%,38468,451783.496732026,75%,25%
31,Nebraska,NE,2020,9.8%,188080,1962642,165%,185%,60.1818375159507%,4.3757975329647%,35.4370480646533%,39.8181624840493%,4.7%,19928,424000,14%,32113,229378.571428571,7.96490767767538%,52041,653378.571428571,13.5%,64190,475481.481481481,116231,1128860.05291005,10.2963161554324%,8.61724102455876%,71849,833781.94708995,72%,28%
32,Nevada,NV,2020,11%,332040,3115648,200%,200%,71.1841946753403%,,28.8158053246597%,28.8158053246597%,6.2%,45111,727596.774193548,10.8%,40603,375953.703703704,7.76711185548331%,85714,1103550.47789725,16.9%,116360,688520.710059172,202074,1792071.18795642,11.2760029488803%,9.81930166934057%,129966,1323576.81204358,69%,31%
33,New Hampshire,NH,2020,7%,94450,1378587,185%,185%,53.2662784542086%,,46.7337215457914%,46.7337215457914%,3%,9785,326166.666666667,4.2%,9566,227761.904761905,3.4934107027724%,19351,553928.571428572,9.5%,24360,256421.052631579,43711,810349.62406015,5.39409147634225%,8.92919088894478%,50739,568237.37593985,65%,35%
34,New Jersey,NJ,2020,7.4%,657320,9271689,185%,185%,69.7194669263068%,,30.2805330736932%,30.2805330736932%,6.1%,125178,2052098.36065574,9.7%,123063,1268690.72164948,7.47536184465159%,248241,3320789.08230522,9%,175830,1953666.66666667,424071,5274455.74897189,8.04009020423882%,5.83526117571465%,233249,3997233.25102811,88%,12%
35,New Mexico,NM,2020,12.9%,271210,2118390,165%,185%,73.6329781350245%,4.2586925260868%,22.1415139559751%,26.3670218649755%,8.4%,43841,521916.666666667,12.3%,32164,261495.93495935,9.70178419931558%,76005,783412.601626017,20.5%,99100,483414.634146342,175105,1266827.23577236,13.8223267589635%,11.2857212688446%,96105,851562.76422764,76%,24%
36,New York,NY,2020,9.6%,1882580,20108296,200%,200%,77.4362842482126%,,22.5653093095645%,22.5637157517874%,7.6%,368284,4845842.10526316,10.5%,251599,2396180.95238095,8.55952811895152%,619883,7242023.05764411,14.6%,596060,4082602.73972603,1215943,11324625.7973701,10.7371583110708%,7.58950398434135%,666637,8783670.2026299,85%,15%
37,North Carolina,NC,2020,12%,1245870,10449445,200%,200%,72.7820719657749%,,27.2179280342251%,27.2179280342251%,7.7%,192990,2506363.63636364,11.1%,139586,1257531.53153153,8.83595278733498%,332576,3763895.16789517,17.1%,394300,2305847.95321637,726876,6069743.12111154,11.975399707968%,11.8499846416879%,518994,4379701.87888846,81%,19%
38,North Dakota,ND,2020,4.8%,36130,779518,200%,200%,76.3908109604207%,,23.6091890395793%,23.6091890395793%,2.9%,5058,174413.793103448,7.4%,5923,80040.5405405406,4.31550912996581%,10981,254454.333643989,8.1%,14490,178888.888888889,25471,433343.222532878,5.87778893855148%,3.07908048009429%,10659,346174.777467122,78%,22%
39,Ohio,OH,2020,11.6%,1351090,11797517,130%,185%,53.1370967145046%,14.8213664522719%,32.0696622726835%,46.8629032854954%,5.6%,165699,2958910.71428571,10.2%,156579,1535088.23529412,7.17129673628721%,322278,4493998.94957983,15.9%,412670,2595408.80503145,734948,7089407.75461128,10.3668462224077%,13.0868246229305%,616142,4708109.24538872,81%,19%
40,Oklahoma,OK,2020,13%,514990,3964912,130%,185%,49.2436746344589%,15.846909648731%,34.9113575020874%,50.7563253655411%,8.1%,69828,862074.074074074,14.6%,68790,471164.383561644,10.3970898233626%,138618,1333238.45763572,19.2%,183720,956875,322338,2290113.45763572,14.0751978433757%,11.5029954425466%,192652,1674798.54236428,73%,27%
41,Oregon,OR,2020,9.8%,407840,4244795,200%,200%,74.8602393095332%,,25.1422126324049%,25.1397606904669%,4.5%,46137,1025266.66666667,7.4%,39482,533540.540540541,5.49259713479236%,85619,1558807.20720721,13.2%,114460,867121.212121212,200079,2425928.41932842,8.24752282078417%,11.4225530452755%,207761,1818866.58067158,80%,20%
42,Pennsylvania,PA,2020,8.9%,1136400,12994440,160%,185%,60.8412530799015%,7.7428722280887%,31.414994720169%,39.1587469200986%,5%,162142,3242840,7.2%,110994,1541583.33333333,5.70885937490203%,273136,4784423.33333333,13.1%,347720,2654351.14503817,620856,7438774.4783715,8.34621350338232%,9.27960832042462%,515544,5555665.5216285,82%,18%
44,Rhode Island,RI,2020,8.4%,88550,1096345,185%,185%,65.1948051948052%,,34.8051948051948%,34.8051948051948%,6%,15581,259683.333333333,11.7%,15648,133743.58974359,7.93768757759725%,31229,393426.923076923,13%,26750,205769.230769231,57979,599196.153846154,9.67613020007574%,6.14926500111792%,30571,497148.846153846,81%,19%
45,South Carolina,SC,2020,9.6%,489510,5131848,130%,185%,57.7679720536863%,13.7014565585994%,28.5326142469%,42.2320279463137%,9.3%,122908,1321591.39784946,10.8%,70182,649833.333333333,9.79443936894067%,193090,1971424.73118279,13.8%,153330,1111086.95652174,346420,3082511.68770453,11.238238005124%,6.98226050753594%,143090,2049336.31229547,74%,26%
46,South Dakota,SD,2020,8.5%,74850,887799,130%,185%,50.9953239812959%,16.9004676018704%,32.1042084168337%,49.0046760187041%,5%,10466,209320,9.4%,9715,103351.063829787,6.45438684117767%,20181,312671.063829787,13.5%,29070,215333.333333333,49251,528004.397163121,9.32776322784761%,7.11489271883433%,25599,359794.602836879,76%,24%
47,Tennessee,TN,2020,11.9%,809170,6925619,130%,185%,55.6730971242137%,18.633908820149%,25.6929940556373%,44.3269028757863%,6.8%,108158,1590558.82352941,12.5%,113821,910568,8.87515970448708%,221979,2501126.82352941,15.5%,233620,1507225.80645161,455599,4008352.62998102,11.3662404997077%,12.1199422731391%,353571,2917266.37001898,82%,18%
48,Texas,TX,2020,13%,3720710,29232474,165%,185%,64.4643092313026%,6.08566644538274%,29.45943113008%,35.5356907686974%,9%,474937,5277077.77777778,11.8%,406060,3441186.44067797,10.1051881191558%,880997,8718264.21845575,18.9%,1395890,7385661.37566138,2276887,16103925.5941171,14.1387078988477%,10.997582941866%,1443823,13128548.4058829,74%,26%
49,Utah,UT,2020,9.2%,288970,3283785,130%,185%,40.8485309893761%,15.7248157248157%,43.4058898847631%,59.1514690106239%,3.5%,17310,494571.428571429,9%,29398,326644.444444444,5.68766405214104%,46708,821215.873015873,11.3%,104840,927787.610619469,151548,1749003.48363534,8.66481979126789%,8.95384773237971%,137422,1534781.51636466,65%,35%
50,Vermont,VT,2020,9%,56010,642893,185%,185%,62.7030887341546%,,37.2969112658454%,37.2969112658454%,4.6%,8115,176413.043478261,9.4%,7766,82617.0212765957,6.13094855032739%,15881,259030.064754857,11.8%,13610,115338.983050847,29491,374369.047805704,7.87752090426709%,9.87584153417034%,26519,268523.952194296,67%,33%
51,Virginia,VA,2020,7.7%,658470,8636471,200%,200%,70.6471061703646%,,29.3528938296354%,29.3528938296354%,5.8%,114304,1970758.62068966,7.8%,80347,1030089.74358974,6.48653235255164%,194651,3000848.3642794,9.7%,182170,1878041.2371134,376821,4878889.6013928,7.72349921368229%,7.49548632810449%,281649,3757581.3986072,75%,25%
53,Washington,WA,2020,8.5%,638210,7724031,200%,200%,69.1010795819558%,,30.9020541827925%,30.8989204180442%,4.6%,76935,1672500,7.8%,70957,909705.128205128,5.72735288860644%,147892,2582205.12820513,12.3%,203430,1653902.43902439,351322,4236107.56722952,8.29350988907419%,8.22518055598838%,286888,3487923.43277048,67%,33%
54,West Virginia,WV,2020,12%,217690,1791420,200%,200%,73.2509531903165%,,26.7536404979558%,26.7490468096835%,9.3%,47025,505645.161290323,14%,29405,210035.714285714,10.6793408358835%,76430,715680.875576037,17.3%,63070,364566.473988439,139500,1080247.34956448,12.9137090737822%,10.9945172880477%,78190,711172.65043552,77%,23%
55,Wisconsin,WI,2020,7.2%,415400,5896271,200%,200%,75.9051516610496%,,24.0948483389504%,24.0948483389504%,6.4%,91187,1424796.875,9.2%,76927,836163.043478261,7.43551438599359%,168114,2260959.91847826,12.6%,160890,1276904.76190476,329004,3537864.68038302,9.29950774613518%,3.66332125560244%,86396,2358406.31961698,82%,18%
56,Wyoming,WY,2020,10.2%,59570,577605,130%,185%,45.6941413463153%,15.1082759778412%,39.1975826758435%,54.3058586536847%,8.2%,11592,141365.853658537,8.7%,5868,67448.275862069,8.36150314161429%,17460,208814.129520606,12.9%,17390,134806.201550388,34850,343620.331070993,10.14200757312%,10.5647947419582%,24720,233984.668929007,68%,32%
1,Alabama,AL,2019,16.1%,788250,4903185,130%,185%,50.2987630827783%,15.2743418966064%,34.3977164605138%,49.7012369172217%,9.4%,105776,1125276.59574468,15.6%,105533,676493.58974359,11.7278552893102%,211309,1801770.18548827,21.2%,229880,1084339.62264151,441189,2886109.80812978,15.2866325029363%,17.2061508365589%,347061,2017075.19187022,76%,24%
2,Alaska,AK,2019,11.9%,86970,731545,130%,185%,48.6949522823962%,15.2006439001955%,36.1044038174083%,51.3050477176038%,6.7%,8609,128492.537313433,10.7%,9576,89495.3271028037,8.34220751173407%,18185,217987.864416237,16.1%,28850,179192.546583851,47035,397180.411000088,11.8422255220411%,11.9435494408801%,39935,334364.588999912,72%,28%
4,Arizona,AZ,2019,12.6%,918940,7278717,185%,185%,63.0672296341437%,,36.9327703658563%,36.9327703658563%,8.5%,135977,1599729.41176471,10.4%,91931,883951.923076923,9.1762174479816%,227908,2483681.33484163,17.9%,293570,1640055.86592179,521478,4123737.20076342,12.6457621960842%,12.5979253526813%,397462,3154979.79923658,68%,32%
5,Arkansas,AR,2019,16.6%,499950,3017804,130%,185%,51.3571357135714%,15.6255625562556%,33.019301930193%,48.6428642864286%,8.2%,57508,701317.073170732,12.9%,47370,367209.302325581,9.81519992440862%,104878,1068526.37549631,21.6%,150910,698657.407407407,255788,1767183.78290372,14.4743292958306%,19.5232730658154%,244162,1250620.21709628,73%,27%
6,California,CA,2019,10.2%,4011960,39512223,200%,200%,71.687155405338%,,28.3138416135754%,28.312844594662%,6.3%,506182,8034634.92063492,9.9%,478042,4828707.07070707,7.65138640224645%,984224,12863341.991342,13.7%,1221560,8916496.35036496,2205784,21779838.341707,10.1276417455132%,10.1857479115495%,1806176,17732384.658293,70%,30%
8,Colorado,CO,2019,9.8%,566440,5758736,200%,200%,60.5200903890968%,,39.4799096109032%,39.4799096109032%,9.3%,105267,1131903.22580645,3.5%,25386,725314.285714286,7.03487874680967%,130653,1857217.51152074,12.1%,151810,1254628.09917355,282463,3111845.61069429,9.077024870041%,10.7287026749335%,283977,2646890.38930571,71%,29%
9,Connecticut,CT,2019,12%,428800,3565287,185%,185%,55.3964552238806%,,44.6035447761194%,44.6035447761194%,8.3%,74416,896578.313253012,10.2%,51600,505882.352941177,8.9853500377993%,126016,1402460.66619419,15.1%,110020,728609.271523179,236036,2131069.93771737,11.0759387020786%,13.4403644378074%,192764,1434217.06228263,65%,35%
10,Delaware,DE,2019,11.7%,114190,973764,200%,200%,56.8000700586741%,,43.1999299413259%,43.1999299413259%,6.5%,16194,249138.461538462,9.7%,11935,123041.237113402,7.5579082099026%,28129,372179.698651864,16.6%,33790,203554.21686747,61919,575733.915519333,10.7547945901618%,13.1324244166621%,52271,398030.084480667,65%,35%
11,District of Columbia,DC,2019,10%,70480,705749,200%,200%,69.7077185017026%,,30.3064699205448%,30.2922814982974%,13.5%,16116,119377.777777778,7.8%,5102,65410.2564102564,11.4823452141978%,21218,184788.034188034,15.3%,19630,128300.653594771,40848,313088.687782805,13.0467824593959%,7.54647186844018%,29632,392660.312217195,62%,38%
12,Florida,FL,2019,12%,2567300,21477737,200%,200%,67.9386904530051%,,32.0632571183734%,32.0613095469949%,6.7%,381128,5688477.6119403,9.6%,289241,3012927.08333333,7.70414689899582%,670369,8701404.69527363,16.8%,709810,4225059.52380952,1380179,12926464.2190832,10.6771579343597%,13.8823895625129%,1187121,8551272.7809168,67%,33%
13,Georgia,GA,2019,12%,1279310,10617423,130%,185%,45.8872360882038%,15.0143436696344%,39.0765334438096%,54.1127639117962%,8.3%,174449,2101795.18072289,9.7%,126798,1307195.87628866,8.83683749713572%,301247,3408991.05701155,15%,376660,2511066.66666667,677907,5920057.72367822,11.451020102196%,12.8029856019824%,601403,4697365.27632178,70%,30%
15,Hawaii,HI,2019,11.5%,162220,1415872,200%,200%,47.8054493897177%,,52.1945506102823%,52.1945506102823%,4.2%,14637,348500,7%,11972,171028.571428571,5.1217587373168%,26609,519528.571428571,18.5%,55670,300918.918918919,82279,820447.49034749,10.0285516097016%,13.4258833326585%,79941,595424.50965251,48%,52%
16,Idaho,ID,2019,10%,179580,1787065,130%,185%,47.3549393028177%,19.3395701080298%,33.3054905891525%,52.6450606971823%,4.3%,17254,401255.813953488,9%,17757,197300,5.84924566495324%,35011,598555.813953488,11.1%,49830,448918.918918919,84841,1047474.73287241,8.09957484772422%,12.8096601876531%,94739,739590.26712759,75%,25%
17,Illinois,IL,2019,9.6%,1211410,12671821,165%,185%,58.1083200567933%,10.6916733393319%,31.1876243385807%,41.8916799432067%,7%,193601,2765728.57142857,8.9%,151165,1698483.14606742,7.72288640901157%,344766,4464211.71749599,12%,337120,2809333.33333333,681886,7273545.05082932,9.37487834659458%,9.80913174846775%,529524,5398275.94917068,70%,30%
18,Indiana,IN,2019,12.4%,834530,6732219,130%,185%,49.8508142307646%,16.3876673097432%,33.7746995314728%,50.1491857692354%,8%,119003,1487537.5,12%,108195,901625,9.50952478117332%,227198,2389162.5,15.2%,238560,1569473.68421053,465758,3958636.18421053,11.7656177109109%,13.2958712428074%,368772,2773582.81578947,74%,26%
19,Iowa,IA,2019,9.4%,297800,3155070,160%,185%,52.9684351914036%,4.09670920080591%,42.9415715245131%,47.0315648085964%,5.2%,40876,786076.923076923,6%,20965,349416.666666667,5.44617781716976%,61841,1135493.58974359,13.1%,94260,719541.984732824,156101,1855035.57447641,8.41498686859737%,10.8996344418288%,141699,1300034.42552359,68%,32%
20,Kansas,KS,2019,12.1%,351090,2913314,130%,185%,41.1461448631405%,14.1416730752798%,44.6836993363525%,58.8538551368595%,8.8%,56169,638284.090909091,10.7%,35375,330607.476635514,9.44832250238214%,91544,968891.567544605,17.2%,120290,699360.465116279,211834,1668252.03266088,12.6979614502326%,11.1846641896556%,139256,1245061.96733912,61%,39%
21,Kentucky,KY,2019,14.4%,644540,4467673,200%,200%,68.9701182238496%,,31.0298817761504%,31.0298817761504%,10.4%,104645,1006201.92307692,16.9%,95170,563136.094674556,12.7324386295243%,199815,1569338.01775148,17.7%,176990,999943.502824859,376805,2569281.52057634,14.665773173641%,14.10325546137%,267735,1898391.47942366,70%,30%
22,Louisiana,LA,2019,15.5%,718360,4648794,130%,185%,56.0749484937914%,7.45726376747035%,36.4719639178128%,43.9250515062086%,9.9%,101842,1028707.07070707,11.3%,66657,589884.955752212,10.4102205648817%,168499,1618592.02645928,23%,249520,1084869.56521739,418019,2703461.59167667,15.4623613402529%,15.4390580609749%,300341,1945332.40832333,68%,32%
23,Maine,ME,2019,12.4%,166910,1344212,185%,185%,56.8749625546702%,,43.1310286981008%,43.1250374453298%,6%,23685,394750,7.5%,13566,180880,6.47134444000486%,37251,575630,18%,44270,245944.444444444,81521,821574.444444445,9.92253356360484%,16.3380911096664%,85389,522637.555555555,60%,40%
24,Maryland,MD,2019,10.6%,640180,6045680,200%,200%,57.8368583835796%,,42.1631416164204%,42.1631416164204%,5.1%,68162,1336509.80392157,4.9%,37251,760224.489795918,5.02748489953411%,105413,2096734.29371749,14.4%,192230,1334930.55555556,297643,3431664.84927304,8.67342858563394%,13.1038643714341%,342537,2614015.15072696,61%,39%
25,Massachusetts,MA,2019,8.2%,566930,6892503,200%,200%,64.02554107209%,,35.976222814104%,35.97445892791%,5.5%,86935,1580636.36363636,7.8%,75228,964461.538461539,6.37158200736917%,162163,2545097.9020979,9%,121560,1350666.66666667,283723,3895764.56876457,7.28285796002233%,9.45050782704601%,283207,2996738.43123543,76%,24%
26,Michigan,MI,2019,13%,1299020,9986857,200%,200%,65.106002986867%,,34.893997013133%,34.893997013133%,5.8%,145409,2507051.72413793,9.6%,123039,1281656.25,7.08547615262118%,268448,3788707.97413793,14.1%,302530,2145602.83687943,570978,5934310.81101736,9.6216396171894%,17.9650512554126%,728042,4052546.18898264,72%,28%
27,Minnesota,MN,2019,7.7%,432170,5639632,165%,185%,58.6227641900178%,8.9571233542356%,32.4062290302427%,41.3772358099822%,2.9%,34962,1205586.20689655,7.7%,60106,780597.402597403,4.78646584059879%,95068,1986183.60949395,10.9%,141910,1301926.60550459,236978,3288110.21499854,7.20711851199626%,8.30066730595391%,195192,2351521.78500146,74%,26%
28,Mississippi,MS,2019,18.5%,550370,2976149,130%,185%,54.2217053981867%,10.5765212493414%,35.201773352472%,45.7782946018133%,11.7%,80381,687017.094017094,13.4%,47483,354350.746268657,12.2784663644802%,127864,1041367.84028575,22.4%,156120,696964.285714286,283984,1738332.12600004,16.3365789398058%,21.5206308457553%,266386,1237816.87399996,74%,26%
29,Missouri,MO,2019,13.2%,809680,6137428,130%,185%,45.7304120146231%,17.3191878272898%,36.9232289299476%,54.2695879853769%,7.3%,101919,1396150.68493151,12.1%,101043,835066.115702479,9.09647148328792%,202962,2231216.80063399,15.2%,208900,1374342.10526316,411862,3605558.90589714,11.4229724364334%,15.7124237160043%,397818,2531869.09410286,66%,34%
30,Montana,MT,2019,10.4%,111080,1068778,200%,200%,60.7039971191934%,,39.2960028808066%,39.2960028808066%,4.4%,12595,286250,6.5%,8169,125676.923076923,5.0406999000943%,20764,411926.923076923,15.7%,35500,226114.649681529,56264,638041.572758452,8.81823417191348%,12.7261119638856%,54816,430736.427241548,61%,39%
31,Nebraska,NE,2019,11.7%,225580,1934408,130%,185%,43.0312971008068%,13.4630729674617%,43.4790318290629%,56.9687028991932%,4.6%,19345,420543.47826087,14.6%,32601,223294.520547945,8.06817865613818%,51946,643837.998808815,15.4%,73110,474740.25974026,125056,1118578.25854907,11.1799061929035%,12.3216885696299%,100524,815829.74145093,63%,37%
32,Nevada,NV,2019,12.1%,373370,3080156,200%,200%,66.9255698101079%,,33.0744301898921%,33.0744301898921%,8.9%,64039,719539.325842697,10.9%,38806,356018.348623853,9.56201628620321%,102845,1075557.67446655,18.2%,125870,691593.406593407,228715,1767151.08105996,12.9425832602165%,11.0170950552704%,144655,1313004.91894004,61%,39%
33,New Hampshire,NH,2019,8.8%,119990,1359711,185%,185%,46.0455037919827%,,53.962830235853%,53.9544962080173%,3.2%,10363,323843.75,4.8%,10189,212270.833333333,3.83350885033128%,20552,536114.583333333,10.8%,27770,257129.62962963,48322,793244.212962963,6.0916927234181%,12.6517567560963%,71668,566466.787037037,55%,45%
34,New Jersey,NJ,2019,8.6%,762530,8882190,185%,185%,61.9857579373926%,,38.0142420626074%,38.0142420626074%,6.4%,130935,2045859.375,7.5%,98669,1315586.66666667,6.83051273630315%,229604,3361446.04166667,9.9%,191890,1938282.82828283,421494,5299728.8699495,7.9531238360127%,9.51960084477435%,341036,3582461.1300505,81%,19%
35,New Mexico,NM,2019,14.2%,298030,2096829,165%,185%,70.2513169815119%,3.22786296681542%,26.4872663825789%,29.7486830184881%,12.4%,63718,513854.838709677,12.5%,32592,260736,12.4336611262321%,96310,774590.838709677,22.1%,104560,473122.171945701,200870,1247713.01065538,16.0990546932335%,11.4424885668437%,97160,849115.98934462,68%,32%
36,New York,NY,2019,10.7%,2090550,19453561,200%,200%,69.4190524024778%,,30.5842959986606%,30.5809475975222%,7.3%,341974,4684575.34246575,9.8%,245816,2508326.53061224,8.17180618298179%,587790,7192901.87307799,15.7%,630860,4018216.56050955,1218650,11211118.4335876,10.8700127219157%,10.5781750127439%,871900,8242442.5664124,74%,26%
37,North Carolina,NC,2019,13.5%,1417440,10488084,200%,200%,66.5996444293938%,,33.4010610678406%,33.4003555706062%,7.5%,177967,2372893.33333333,9%,111538,1239311.11111111,8.01463495360175%,289505,3612204.44444444,18.2%,417240,2292527.47252747,706745,5904731.91697192,11.9691293345361%,15.5060092946311%,710695,4583352.08302808,75%,25%
38,North Dakota,ND,2019,6.7%,51380,762062,200%,200%,61.5025301673803%,,38.4974698326197%,38.4974698326197%,3.3%,5671,171848.484848485,6.7%,5132,76597.0149253731,4.34823734373663%,10803,248445.499773858,9.4%,16580,176382.978723404,27383,424828.478497262,6.44566016309956%,7.11584064747406%,23997,337233.521502738,70%,30%
39,Ohio,OH,2019,13.2%,1547110,11689100,130%,185%,49.2014142497948%,13.5213397883796%,37.2759532289236%,50.7985857502052%,7.2%,203026,2819805.55555556,10.8%,167983,1555398.14814815,8.47981088711212%,371009,4375203.70370371,17.4%,447350,2570977.01149425,818359,6946180.71519796,11.7814239731694%,15.365030611741%,728751,4742919.28480204,72%,28%
40,Oklahoma,OK,2019,14.7%,583570,3956971,130%,185%,47.1597237692136%,14.6597666089758%,38.1445242216015%,52.8402762307864%,8.3%,72624,874987.951807229,15.7%,73797,470044.585987261,10.8860563507328%,146421,1345032.53779449,20.8%,197690,950432.692307692,344111,2295465.23010218,14.9909044792929%,14.4121678262199%,239459,1661505.76989782,66%,34%
41,Oregon,OR,2019,11.5%,486200,4217737,185%,185%,60.3434800493624%,,39.6565199506376%,39.6565199506376%,4%,39973,999325,8.1%,44255,546358.024691358,5.44924144565918%,84228,1545683.02469136,14.6%,126350,865410.95890411,210578,2411093.98359547,8.7337118101876%,15.2560299681409%,275622,1806643.01640453,63%,37%
42,Pennsylvania,PA,2019,10.6%,1353730,12801989,160%,185%,56.5844001388756%,9.71390159042054%,33.7120400670739%,43.4155998611245%,6.2%,200016,3226064.51612903,9.8%,147659,1506724.48979592,7.34609127017384%,347675,4732789.00592495,14.7%,385880,2625034.01360544,733555,7357823.01953039,9.96972879142204%,11.3915520251369%,620175,5444165.98046961,71%,29%
44,Rhode Island,RI,2019,9.5%,101100,1059361,185%,185%,58.8328387734916%,,41.1671612265084%,41.1671612265084%,5.3%,13817,260698.113207547,13.8%,17480,126666.666666667,8.07946453215567%,31297,387364.779874214,14.1%,28730,203758.865248227,60027,591123.645122441,10.154728286595%,8.77183325340207%,41073,468237.354877559,73%,27%
45,South Carolina,SC,2019,10.8%,555630,5148714,130%,185%,54.5020967190397%,11.3960729262279%,34.0838327664093%,45.4979032809604%,8.5%,108639,1278105.88235294,11.7%,79093,676008.547008547,9.60701160480872%,187732,1954114.42936149,14.6%,162780,1114931.50684932,350512,3069045.9362108,11.4208782561515%,9.86301629435375%,205118,2079668.0637892,66%,34%
46,South Dakota,SD,2019,10.3%,91510,884659,130%,185%,46.3009507157688%,14.501147415583%,39.1979018686482%,53.6990492842312%,5%,10320,206400,7.8%,7538,96641.0256410256,5.89293148088605%,17858,303041.025641026,15.3%,32860,214771.241830065,50718,517812.267471091,9.79466945572732%,11.1196301841902%,40792,366846.732528909,67%,33%
47,Tennessee,TN,2019,13.3%,905090,6829174,130%,185%,51.2634102685921%,14.1698615607288%,34.567833033179%,48.7365897314079%,6.5%,100653,1548507.69230769,14.6%,134778,923136.98630137,9.52527691530851%,235431,2471644.67860906,15.7%,237510,1512802.5477707,472941,3984447.22637976,11.8696765982696%,15.1912304551499%,432149,2844726.77362024,72%,28%
48,Texas,TX,2019,14.1%,4092850,28995881,165%,185%,61.7564777599961%,5.28531463405695%,32.9606508911883%,38.2435222400039%,10.4%,541147,5203336.53846154,11.6%,404662,3488465.51724138,10.8816214858394%,945809,8691802.05570292,19.8%,1462920,7388484.84848485,2408729,16080286.9041878,14.9793906934129%,13.0394388946155%,1684121,12915594.0958122,67%,33%
49,Utah,UT,2019,11.1%,355550,3205958,130%,185%,36.751511742371%,13.8405287582618%,49.3882716917452%,63.248488257629%,6.6%,34514,522939.393939394,10%,30250,302500,7.84600304704565%,64764,825439.393939394,12.6%,116770,926746.031746032,181534,1752185.42568543,10.3604331675677%,11.9699603001553%,174016,1453772.57431457,53%,47%
50,Vermont,VT,2019,11%,68590,623989,185%,185%,53.3022306458667%,,46.6977693541333%,46.6977693541333%,4.8%,8692,181083.333333333,8.4%,6837,81392.8571428571,5.91634615384616%,15529,262476.19047619,13.7%,15570,113649.635036496,31099,376125.825512687,8.26824373402433%,15.1256837880607%,37491,247863.174487313,55%,45%
51,Virginia,VA,2019,9.4%,799620,8535519,130%,185%,47.2311848127861%,11.4141717315725%,41.3546434556414%,52.7688151872139%,6.2%,115715,1866370.96774194,8.9%,96066,1079393.25842697,7.18933980250789%,211781,2945764.22616891,11.4%,212370,1862894.73684211,424151,4808658.96301101,8.820567298755%,10.0746740224607%,375469,3726860.03698899,60%,40%
53,Washington,WA,2019,10.4%,790050,7614893,200%,200%,61.2353648503259%,,38.7646351496741%,38.7646351496741%,6.2%,90979,1467403.22580645,9.7%,107613,1109412.37113402,7.70687666730185%,198592,2576815.59694047,14%,232080,1657714.28571429,430672,4234529.88265476,10.1704796502699%,10.6313430695054%,359378,3380363.11734524,58%,42%
54,West Virginia,WV,2019,13.5%,242180,1792147,200%,200%,67.4622181848212%,,32.5419109753076%,32.5377818151788%,9.9%,48748,492404.04040404,15%,33784,225226.666666667,11.5006227000635%,82532,717630.707070707,18.6%,66780,359032.258064516,149312,1076662.96513522,13.868035293779%,12.9797445469976%,92868,715484.03486478,72%,28%
55,Wisconsin,WI,2019,9.1%,530500,5822434,200%,200%,61.8831291234684%,,38.1168708765316%,38.1168708765316%,4.7%,66880,1422978.72340426,8.6%,67611,786174.418604651,6.08789845495725%,134491,2209153.14200891,14.5%,183700,1266896.55172414,318191,3476049.69373304,9.15381044677426%,9.04834725636988%,212309,2346384.30626696,68%,32%
56,Wyoming,WY,2019,11.7%,67750,578759,130%,185%,40.5018450184502%,15.4981549815498%,44%,59.4981549815498%,5.7%,7685,134824.561403509,9.4%,6671,70968.085106383,6.97595382705278%,14356,205792.646509892,14.6%,19530,133767.123287671,33886,339559.769797563,9.97939185204478%,14.1572361965131%,33864,239199.230202437,58%,42%
